tweet_id,location
ID_1001154804658286592,
ID_1001155505459486720,
ID_1001155756371136512,
ID_1001159445194399744,
ID_1001164907587538944,
ID_1001178904617476096,
ID_1001179909245587456,
ID_1001180876548591616,
ID_1001182906130280448,
ID_1001185240256311296,
ID_1001192363719618560,
ID_1001193418113118208,
ID_1001199521228042240,
ID_1001206304793296896,
ID_1001209276826779648,
ID_1001211097620369408,
ID_1001212592868671488,
ID_1001226873404379136,
ID_1001231665606414336,
ID_1001232053893988352,
ID_1001236424891469824,
ID_1001241227818405888,
ID_1001243494701195264,
ID_1001251398510612480,
ID_1001269150600212480,
ID_1001289525270757376,
ID_1001289928385449984,
ID_1001323647695507456,
ID_1001336319732277248,
ID_1001371607598878720,
ID_1001376222251712512,
ID_1001387352542076928,
ID_1001394889974743040,
ID_1001409689974902784,
ID_1001421891322695680,
ID_1001432796978667520,
ID_1001446202796277760,
ID_1001447886582960128,
ID_1001448334773575680,
ID_1001453284400484352,
ID_1001456447245336576,
ID_1001460350691172352,
ID_1001477538525331456,
ID_1001482893028397056,
ID_1001498151981793280,
ID_1001506483849359360,
ID_1001508059829751808,
ID_1001514373205151744,
ID_1001514826198220800,
ID_1001532394950877184,
ID_1001568880941326336,
ID_1001574904729350144,
ID_1001579615192846336,
ID_1001703259265003520,
ID_1001720092722376704,
ID_1001821646007697408,
ID_1001835900400218112,
ID_1001844796875530240,
ID_1001863567241613312,
ID_1001879962394050560,
ID_1002189162412376064,
ID_1002208017083969536,
ID_1002279312312229888,
ID_1002279603241615360,
ID_1002297742004285440,
ID_1002537368207986688,
ID_1002872971277553664,
ID_1002964603213496320,
ID_1002978325269286912,
ID_1003648875402547200,
ID_1003861851115941888,
ID_1004035240384499712,
ID_1004054229462503424,
ID_1021700755617656832,
ID_1021707450230161408,
ID_1021722772849020928,
ID_1021722786316935168,
ID_1021726922387189760,
ID_1021727469555146752,
ID_1021728992666312704,
ID_1021729339451289600,
ID_1021730969617936384,
ID_1021735975863689216,
ID_1021739031426727936,
ID_1021741722815143936,
ID_1021743779257217024,
ID_1021744433509933056,
ID_1021749465579970560,
ID_1021749744262160384,
ID_1021750356877946880,
ID_1021760111520489472,
ID_1021762270253199360,
ID_1021764703935188992,
ID_1021765598831960064,
ID_1021765968039735296,
ID_1021767461149044736,
ID_1021768115112370176,
ID_1021768291235385344,
ID_1021771133379600384,
ID_1021774190263844864,
ID_1021775991432273920,
ID_1021782292971368448,
ID_1021787547721187328,
ID_1021787682677112832,
ID_1021796962851598336,
ID_1021797088617816064,
ID_1021799419681878016,
ID_1021818401268936704,
ID_1021819738291425280,
ID_1021822509505802240,
ID_1021823520173699072,
ID_1021830423146622976,
ID_1021837585780498432,
ID_1021841893179760640,
ID_1021843055756959744,
ID_1021845215785754624,
ID_1021857683438284800,
ID_1021859768841986048,
ID_1021860654033104896,
ID_1021860820630884352,
ID_1021861976484573184,
ID_1021874833204891648,
ID_1021888418228445184,
ID_1021888772785561600,
ID_1021905507014111232,
ID_1021906800201883648,
ID_1021909352247115776,
ID_1021943095800356864,
ID_1021993240474669056,
ID_1022018968503107584,
ID_1022022067397509120,
ID_1022025636230168576,
ID_1022042144087912448,
ID_1022048431072862208,
ID_1022048685369319424,
ID_1022052815122952192,
ID_1022061287960977408,
ID_1022074062066081792,
ID_1022074311685877760,
ID_1022076968286789632,
ID_1022078727822422016,
ID_1022099514021367808,
ID_1022101810461519872,
ID_1022102229271109632,
ID_1022102900800217088,
ID_1022114377976176640,
ID_1022121627700604928,
ID_1022137480903045120,
ID_1022138375590080512,
ID_1022145829107388416,
ID_1022163300723949568,
ID_1022166211927449600,
ID_1022167215309836288,
ID_1022207860128866304,
ID_1022215095785582592,
ID_1022220222466600960,
ID_1022233104038223872,
ID_1022240513607524352,
ID_1022242256894537728,
ID_1022259118638342144,
ID_1022266107045003264,
ID_1022279102068391936,
ID_1022294209116741632,
ID_1022365892582301696,
ID_1022370199855620096,
ID_1022371018768375808,
ID_1022378274909970432,
ID_1022434022977413120,
ID_1022434120000065536,
ID_1022438756891148288,
ID_1022461309324079104,
ID_1022469157428908032,
ID_1022472933908930560,
ID_1022508229631324160,
ID_1022517049476767744,
ID_1022559822456258560,
ID_1022574229013848064,
ID_1022576581246640128,
ID_1022580641479778304,
ID_1022612558405087232,
ID_1022613566657122304,
ID_1022779648122466304,
ID_1022801548089466880,
ID_1022802090211651584,
ID_1022821632329633792,
ID_1022826065398521856,
ID_1022892578054787072,
ID_1022912729374437376,
ID_1022919610860019712,
ID_1022940890174840832,
ID_1022966510602670080,
ID_1022968008598347776,
ID_1022968849694633984,
ID_1023098760572923904,
ID_1023109807258128384,
ID_1023111663611011072,
ID_1023165657465217024,
ID_1023172842484051968,
ID_1023196514242445312,
ID_1023255494385967104,
ID_1023255830723014656,
ID_1023273626588643328,
ID_1023284608471912448,
ID_1023296495896993792,
ID_1023297525351149568,
ID_1023299765377933312,
ID_1023439251655077888,
ID_1023597514665152512,
ID_1023621815447564288,
ID_1023682214104584192,
ID_1023739545878228992,
ID_1023874745157083136,
ID_1023969388091912192,
ID_1024151199937900544,
ID_1024156657826390016,
ID_1024170369375199232,
ID_1024256164635262976,
ID_1024257445990944768,
ID_1024266991379599360,
ID_1024726142891290624,
ID_1025187487700934656,
ID_1025539071009906688,
ID_1025569659809083392,
ID_1025811998255337472,
ID_1026281552601395200,
ID_1027374598222958592,
ID_1027868512457580544,
ID_1028212025221103616,
ID_1028234340474515456,
ID_1028319339420819456,
ID_1028556269530095616,
ID_1029201081312657408,
ID_1029442958599311360,
ID_1029497768438587392,
ID_1030384006641082368,
ID_1030390856786763776,
ID_1030391377585008640,
ID_1030395234222407680,
ID_1030396033740636160,
ID_1030396263991193600,
ID_1030400069516767232,
ID_1030400872478519296,
ID_1030405122872893440,
ID_1030412580182020096,
ID_1030413084530114560,
ID_1030415863311003648,
ID_1030618258108366848,
ID_1030714396027367424,
ID_1030719115848167424,
ID_1030719857447206912,
ID_1030723616487292928,
ID_1030730701157490688,
ID_1030736110694158336,
ID_1030739855897255936,
ID_1030740612587315200,
ID_1030740752697946112,
ID_1030744784170713088,
ID_1030750137608482816,
ID_1030751677618384896,
ID_1030756151330320384,
ID_1030761481527275520,
ID_1030767692846780416,
ID_1030778998643728384,
ID_1030779030067441664,
ID_1030785952963121152,
ID_1030793956831911936,
ID_1030801702755004416,
ID_1030821624390373376,
ID_1030822509195743232,
ID_1030834611851612160,
ID_1030843777177591808,
ID_1030847037741453312,
ID_1030847703305998336,
ID_1030848115450900480,
ID_1030875655754285056,
ID_1030876594439475200,
ID_1030876806662959104,
ID_1030889417282650112,
ID_1030902593466167296,
ID_1030948748506161152,
ID_1030965090382753792,
ID_1030975134318977024,
ID_1030984222759165952,
ID_1030990647816151040,
ID_1031032542122598400,
ID_1031045983747096576,
ID_1031046402879709184,
ID_1031047154381533184,
ID_1031047442341482496,
ID_1031058768514220032,
ID_1031059089621536768,
ID_1031059583966445568,
ID_1031067487218098176,
ID_1031071785616203776,
ID_1031082208822476800,
ID_1031082800458461184,
ID_1031093958091268096,
ID_1031106546472648704,
ID_1031117761127149568,
ID_1031221022505283584,
ID_1031380345793466368,
ID_1031398750604935168,
ID_1031422868062707712,
ID_1031436382525382656,
ID_1031445863116111872,
ID_1031451218005184512,
ID_1031476760037081088,
ID_1031500685420965888,
ID_1031500990275567616,
ID_1031516946746028032,
ID_1031517191122767872,
ID_1031520557064486912,
ID_1031530674707152896,
ID_1031532631861747712,
ID_1031552407942119424,
ID_1031578576162709504,
ID_1031588197963247616,
ID_1031734975350091776,
ID_1031770111332372480,
ID_1031800864585998336,
ID_1031814520849752064,
ID_1031850598369386496,
ID_1032065411985039360,
ID_1032105787152187392,
ID_1032110310469984256,
ID_1032133016594915328,
ID_1032134106639814656,
ID_1032135241714917376,
ID_1032171086467788800,
ID_1032171427535806464,
ID_1032183167430615040,
ID_1032202248284041216,
ID_1032217844015083520,
ID_1032219887530328064,
ID_1032223763654475776,
ID_1032259281389801472,
ID_1032289123078303744,
ID_1032289914279288832,
ID_1032299744763076608,
ID_1032311743702228992,
ID_1032334899418673152,
ID_1032452390233022464,
ID_1032459311497142272,
ID_1032461898933923840,
ID_1032485001160470528,
ID_1032490326605398016,
ID_1032529637631438848,
ID_1032542893913853952,
ID_1032544277115559936,
ID_1032595530776342528,
ID_1032595864366108672,
ID_1032618019908771840,
ID_1032627122223898624,
ID_1032628371119697920,
ID_1032628429630435328,
ID_1032640276609658880,
ID_1032647125304111104,
ID_1032648125981253632,
ID_1032650789985038336,
ID_1032685880383819776,
ID_1032881461962010624,
ID_1032923987913986048,
ID_1032953187211390976,
ID_1032981008591740928,
ID_1032998261961846784,
ID_1033086560282001408,
ID_1033164122488221696,
ID_1033166927412092928,
ID_1033186117908983808,
ID_1033187066245349376,
ID_1033190983544975360,
ID_1033190998782836736,
ID_1033209292034203648,
ID_1033212934061678592,
ID_1033247149859823616,
ID_1033255878693138432,
ID_1033292762186047488,
ID_1033320671546200064,
ID_1033543172687708160,
ID_1033634181505462272,
ID_1033750841545523200,
ID_1033771250269573120,
ID_1033771872729485312,
ID_1033929240318595072,
ID_1033963616888860672,
ID_1033964955576483840,
ID_1033968412387491840,
ID_1034011402422439936,
ID_1034143982278696960,
ID_1034353316581392384,
ID_1034409416936710144,
ID_1034411434673721344,
ID_1034629170788163584,
ID_1034649657677307904,
ID_1034680820051599360,
ID_1034702985480339456,
ID_1034706014149533696,
ID_1034706613435740160,
ID_1034764901611233280,
ID_1034789959805235200,
ID_1034869460405039104,
ID_1035027299093991424,
ID_1035080657251311616,
ID_1035081656829263872,
ID_1035113785525039104,
ID_1035170415721603072,
ID_1035348145079607296,
ID_1035349202451148800,
ID_1035377623176757248,
ID_1035431851295309824,
ID_1035442872286359552,
ID_1035453048259268608,
ID_1035467291276836864,
ID_1035542759778603008,
ID_1035545951912378368,
ID_1035552496255557632,
ID_1035817903138910208,
ID_1035851650408243200,
ID_1036243214859026432,
ID_1037034346723438592,
ID_1037225451247357952,
ID_1037302229219176448,
ID_1037322050698915840,
ID_1037567855112474624,
ID_1038065842343165952,
ID_1039050182367764480,
ID_1039398873465217024,
ID_1039399783180328960,
ID_1039400778958426112,
ID_1039405953244954624,
ID_1039406925295874048,
ID_1039410457197535232,
ID_1039425818475331584,
ID_1039439670193651712,
ID_1039441821171101696,
ID_1039445510359212032,
ID_1039449269676240896,
ID_1039450679729905664,
ID_1039462262128500736,
ID_1039465819653189632,
ID_1039485785278439424,
ID_1039487196347150336,
ID_1039492376669114368,
ID_1039492607334932480,
ID_1039499856656719872,
ID_1039505494094667776,
ID_1039506203452350464,
ID_1039506672652189696,
ID_1039506952659730432,
ID_1039513592171704320,
ID_1039517994915950592,
ID_1039531845443051520,
ID_1039532417512603648,
ID_1039532518020706304,
ID_1039538555637391360,
ID_1039539233709535232,
ID_1039540088428847104,
ID_1039545608284057600,
ID_1039546242542522368,
ID_1039546587524091904,
ID_1039552912375119872,
ID_1039553399316836352,
ID_1039559301189304320,
ID_1039564810650836992,
ID_1039565048056868864,
ID_1039565473103392768,
ID_1039574723976409088,
ID_1039575048149815296,
ID_1039575469505605632,
ID_1039584053903732736,
ID_1039594978823950336,
ID_1039595251063840768,
ID_1039834031095836672,
ID_1039834360206307328,
ID_1039834805465231360,
ID_1039866267480584192,
ID_1039869236951347200,
ID_1039888525594972160,
ID_1039898974621032448,
ID_1039899745085534208,
ID_1039900699935604736,
ID_1039909423295156224,
ID_1039910866085466112,
ID_1039919694550106112,
ID_1039919893431414784,
ID_1039919939317129216,
ID_1039920217030369280,
ID_1039921668246974464,
ID_1039921948699111424,
ID_1039922396428414976,
ID_1040142700102774784,
ID_1040146718975713280,
ID_1040195140521009152,
ID_1040195299438936064,
ID_1040327443536662528,
ID_1040545565334007808,
ID_1040545883237085184,
ID_1040546396640890880,
ID_1040547716370231296,
ID_1040550452968906752,
ID_1040551281989955584,
ID_1040551925882789888,
ID_1040553121649324032,
ID_1040553385320243200,
ID_1040553821498425344,
ID_1040555080221638656,
ID_1040613767040647168,
ID_1040659840027308032,
ID_1040667229875003392,
ID_1040708112368521216,
ID_1040708986352410624,
ID_1040944644450865152,
ID_1041024511800500224,
ID_1041211282177896448,
ID_1041216251639554048,
ID_1041217692949204992,
ID_1041220553535840256,
ID_1041232582762004480,
ID_1041262998122319872,
ID_1041267836293771264,
ID_1041268596893200384,
ID_1041274587365994496,
ID_1041275763637592064,
ID_1041276998629445632,
ID_1041283224603947008,
ID_1041284201126002688,
ID_1041336127309996032,
ID_1041402049429204992,
ID_1041409621024333824,
ID_1041413600861052928,
ID_1041427122366107648,
ID_1041484547400130560,
ID_1041490705116549120,
ID_1041504888415563776,
ID_1041574792758009856,
ID_1041577775067348992,
ID_1041578034900492288,
ID_1041582624823799808,
ID_1041591040036298752,
ID_1041599955708850176,
ID_1041610020205543424,
ID_1041612348337868800,
ID_1041624448204517376,
ID_1041625559388901376,
ID_1041627813202354176,
ID_1041627888875909120,
ID_1041628642219106304,
ID_1041630356338864128,
ID_1041635465366003712,
ID_1041635990748753920,
ID_1041694221391077376,
ID_1041776844444520448,
ID_1041794673180860416,
ID_1041931741274038272,
ID_1041979560072540160,
ID_1041980635164880896,
ID_1041995017399795712,
ID_1042005422792691712,
ID_1042006783957577728,
ID_1042007887047008256,
ID_1042009850627149824,
ID_1042011800492040192,
ID_1042020254292029440,
ID_1042024580003651584,
ID_1042025179810017280,
ID_1042025847253868544,
ID_1042025900345315328,
ID_1042026219498340352,
ID_1042046799572332544,
ID_1042047009040031744,
ID_1042048936285036544,
ID_1042055838096080896,
ID_1042056866283618304,
ID_1042058989045993472,
ID_1042059871087194112,
ID_1042060491416383488,
ID_1042062203984273408,
ID_1042063000260227072,
ID_1042191111752769536,
ID_1061150344103653376,
ID_1061157427431694336,
ID_1061178593043111936,
ID_1061179068048179200,
ID_1061180173259759616,
ID_1061259573250719744,
ID_1061264098120396800,
ID_1061295892647632896,
ID_1061306476562546688,
ID_1061314021981413376,
ID_1061320150849249280,
ID_1061321072627245056,
ID_1061321216609447936,
ID_1061325222140231680,
ID_1061334173334437888,
ID_1061336107357372416,
ID_1061353473705275392,
ID_1061356560587411456,
ID_1061357521519157248,
ID_1061374958553620480,
ID_1061384727427350528,
ID_1061385768311156736,
ID_1061394323621720064,
ID_1061415946055634944,
ID_1061419117062864896,
ID_1061443221463752704,
ID_1061444164318101504,
ID_1061458008218181632,
ID_1061462315114131456,
ID_1061462632849440768,
ID_1061467521570783232,
ID_1061529129164648448,
ID_1061531144343183360,
ID_1061575300935487488,
ID_1061592393223430144,
ID_1061617017566969856,
ID_1061621154211921920,
ID_1061625923433324544,
ID_1061672925038870528,
ID_1061693662424264704,
ID_1061702506978426880,
ID_1061702809932840960,
ID_1061704846586212352,
ID_1061706199467507712,
ID_1061711549591678976,
ID_1061828954003259392,
ID_1061981746252705792,
ID_1061985574230376448,
ID_1062001032874680320,
ID_1062006674926526464,
ID_1062029955532537856,
ID_1062038799759302656,
ID_1062072788138242048,
ID_1062102885545230336,
ID_1062111229840367616,
ID_1062115991319126016,
ID_1062121598319239168,
ID_1062131480124710912,
ID_1062188040272166912,
ID_1062190750669127680,
ID_1062209016531730432,
ID_1062215807982170112,
ID_1062295254848684032,
ID_1062336869369868288,
ID_1062341826441605120,
ID_1062351893060558848,
ID_1062378787311157248,
ID_1062380707324977152,
ID_1062383642524045312,
ID_1062402896539529216,
ID_1062412313339277312,
ID_1062460790475763712,
ID_1062472925750546432,
ID_1062614499876921344,
ID_1062621856736276480,
ID_1062622352687558656,
ID_1062622994982412288,
ID_1062643555678720000,
ID_1062712166128660480,
ID_1062774140313059328,
ID_1062789360343531520,
ID_1062821015758098432,
ID_1062843866208862208,
ID_1062849977490100224,
ID_1062854953600016384,
ID_1062896805912834048,
ID_1062899387423178752,
ID_1063075743859650560,
ID_1063117071368810496,
ID_1063122963246075904,
ID_1063126658557923328,
ID_1063134544835043328,
ID_1063137464624144384,
ID_1063173292851372032,
ID_1063183787272650752,
ID_1063198915451736064,
ID_1063270482206691328,
ID_1063276090171551744,
ID_1063277793910362112,
ID_1063288486705410048,
ID_1063375172718264320,
ID_1063424559590850560,
ID_1063435363438481408,
ID_1063456902389030912,
ID_1063534818439376896,
ID_1063611471081426944,
ID_1063676309723901952,
ID_1063925914503954432,
ID_1063986582900932608,
ID_1064005917258199040,
ID_1064117335433322496,
ID_1064156771755982848,
ID_1064159371834220544,
ID_1064173412145344512,
ID_1064182822422937600,
ID_1064217319583465472,
ID_1064232356897280000,
ID_1064294371825254400,
ID_1064326377506304000,
ID_1064327300974559232,
ID_1064370128635056128,
ID_1064388678250725376,
ID_1064448176453808128,
ID_1064490832743419904,
ID_1064491487902224384,
ID_1064503989172097024,
ID_1064569698459762688,
ID_1064571828100833280,
ID_1064598368813494272,
ID_1064631034392657920,
ID_1064632328536899584,
ID_1064639756795994112,
ID_1064652556784320512,
ID_1064694673682325504,
ID_1064794508485951488,
ID_1064813598684278784,
ID_1064905912283000832,
ID_1064936029369614336,
ID_1064946513921609728,
ID_1064947534140006400,
ID_1064957457225535488,
ID_1064998221804707840,
ID_1065015446368395264,
ID_1065020021662015488,
ID_1065026972928098304,
ID_1065032640208621568,
ID_1065147339244007424,
ID_1065179327006998528,
ID_1065190250828439552,
ID_1065219025863626752,
ID_1065237400312520704,
ID_1065249109337088000,
ID_1065260283357212672,
ID_1065266258902433792,
ID_1065267618544852992,
ID_1065269685229363200,
ID_1065270397313212416,
ID_1065287266921340928,
ID_1065287673433092096,
ID_1065297282550120448,
ID_1065306507539959808,
ID_1065309299327537152,
ID_1065318607809363968,
ID_1065321362582061056,
ID_1065341658332573696,
ID_1065343341674590208,
ID_1065345843790786560,
ID_1065352703184912384,
ID_1065356055511613440,
ID_1065367232795066368,
ID_1065371575484997632,
ID_1065374281696202752,
ID_1065382748037279744,
ID_1065398080785199104,
ID_1065423418693054464,
ID_1065423746448666624,
ID_1065436322901352448,
ID_1065437909405306880,
ID_1065452478794264576,
ID_1065460848922058752,
ID_1065477089346895872,
ID_1065482587882176512,
ID_1065607175505100800,
ID_1065613629461020672,
ID_1065641907202646016,
ID_1065644744964014080,
ID_1065651388401819648,
ID_1065682192507052032,
ID_1065688359950082048,
ID_1065702928424542208,
ID_1065760374287462400,
ID_1065763811095965696,
ID_1065975922107531264,
ID_1066046565293285376,
ID_1066359737036337152,
ID_1066516529066463232,
ID_1066633136497405952,
ID_1066836137409478656,
ID_1066842651658379264,
ID_1066854298418651136,
ID_1067054704889339904,
ID_1067106984653217792,
ID_1067184052254453760,
ID_1067420649935724544,
ID_1068966850858430464,
ID_1070018383037399040,
ID_1070201070117253120,
ID_1106492477043867648,
ID_1106495942847614976,
ID_1106635576218918912,
ID_1106639626872279040,
ID_1106673127130583040,
ID_1106813189499600896,
ID_1106814374398881792,
ID_1106881628855549952,
ID_1106941332558217216,
ID_1106956296031518720,
ID_1106958884923686912,
ID_1106983475649961984,
ID_1107001395134255104,
ID_1107012567145287680,
ID_1107018356077576192,
ID_1107077598595739648,
ID_1107114541035540480,
ID_1107128825220075520,
ID_1107142971185659904,
ID_1107165727931404288,
ID_1107185981155934208,
ID_1107194651411398656,
ID_1107241345758965760,
ID_1107262903072243712,
ID_1107270231238590464,
ID_1107296725935505408,
ID_1107307518609498112,
ID_1107329569365712896,
ID_1107353602434183168,
ID_1107374941450784768,
ID_1107398816121217024,
ID_1107467668263714816,
ID_1107640570925776896,
ID_1107651624825208832,
ID_1107679247840219136,
ID_1107685045714776064,
ID_1107708876521115648,
ID_1107747256885825536,
ID_1107756443774668800,
ID_1107866248573005824,
ID_1107899480211419136,
ID_1107902427360083968,
ID_1107913941160771584,
ID_1107916246417317888,
ID_1107919834694778880,
ID_1107950818177806336,
ID_1107960709349019648,
ID_1107966239455019008,
ID_1107966753043300352,
ID_1107980955569045504,
ID_1107985042326908928,
ID_1107989773787037696,
ID_1108005969135616000,
ID_1108010538632658944,
ID_1108030839407947776,
ID_1108053846612459520,
ID_1108068871813193728,
ID_1108126634643738624,
ID_1108129902115647488,
ID_1108139346262151168,
ID_1108160909980196864,
ID_1108164200344498176,
ID_1108227041126727680,
ID_1108249123461967872,
ID_1108271160507228160,
ID_1108299359769235456,
ID_1108312861057732608,
ID_1108313050904432640,
ID_1108347145629954048,
ID_1108353061792157696,
ID_1108353547052158976,
ID_1108381764777639936,
ID_1108382742780231680,
ID_1108393260932874240,
ID_1108403742578262016,
ID_1108410069656453120,
ID_1108410194197790720,
ID_1108410706775416832,
ID_1108411619099529216,
ID_1108426881731387392,
ID_1108430719439826944,
ID_1108574058088747008,
ID_1108620374093123584,
ID_1108634513398263808,
ID_1108645096378036224,
ID_1108659050877734912,
ID_1108667868118425600,
ID_1108682359837286400,
ID_1108700384019787776,
ID_1108722187803000832,
ID_1108730821857476608,
ID_1108757047741480960,
ID_1108786037264920576,
ID_1108822588061560832,
ID_1108827854006030336,
ID_1108860656294477824,
ID_1108967792890413056,
ID_1109040666712199168,
ID_1109063885632483328,
ID_1109074720396333056,
ID_1109077432257167360,
ID_1109088149182009344,
ID_1109088313435148288,
ID_1109093641925128192,
ID_1109105128714305536,
ID_1109116359101820928,
ID_1109119995282378752,
ID_1109130914284609536,
ID_1109147489838485504,
ID_1109192273215008768,
ID_1109343705138376704,
ID_1109362295724040192,
ID_1109390403353096192,
ID_1109448383067054080,
ID_1109539570087952384,
ID_1109553711737651200,
ID_1109571047286849536,
ID_1109635821005619200,
ID_1109723474564734976,
ID_1109734927296282624,
ID_1109767619257794560,
ID_1109835139499151360,
ID_1109838422099804160,
ID_1110037640806567936,
ID_1110103073647742976,
ID_1110191088973869056,
ID_1110200010157842432,
ID_1110234432261316608,
ID_1110237231502057472,
ID_1110241642798301184,
ID_1110255893084626944,
ID_1110261532250783744,
ID_1110267333522669568,
ID_1110268446913097728,
ID_1110269535297384448,
ID_1110274609755099136,
ID_1110276926076260352,
ID_1110287422020042752,
ID_1110319732320800768,
ID_1110320044469161984,
ID_1110324919332687872,
ID_1110326051337465856,
ID_1110337067567988736,
ID_1110369921345744896,
ID_1110388411389657088,
ID_1110398367299964928,
ID_1110399168806182912,
ID_1110406752208670720,
ID_1110432225739329536,
ID_1110451589091737600,
ID_1110451733845688320,
ID_1110459900700823552,
ID_1110489606078763008,
ID_1110493647756234752,
ID_1110495625534160896,
ID_1110506507018424320,
ID_1110508333180616704,
ID_1110523743208697856,
ID_1110528045000155136,
ID_1110529869392302080,
ID_1110534266180509696,
ID_1110537889190825984,
ID_1110540805951893504,
ID_1110545301012729856,
ID_1110550619927076864,
ID_1110555789633179648,
ID_1110558626945617920,
ID_1110562626268913664,
ID_1110591964142026752,
ID_1110593000797814784,
ID_1110623374005415936,
ID_1110623574140829696,
ID_1110628888382750720,
ID_1110634537871130624,
ID_1110634769019211776,
ID_1110636632347197440,
ID_1110653075285372928,
ID_1110656778113560576,
ID_1110662275810103296,
ID_1110662851037982720,
ID_1110679496817029120,
ID_1110685420466171904,
ID_1110687429839732736,
ID_1110698815298768896,
ID_1110708013244055552,
ID_1110709311049793536,
ID_1110711571834130432,
ID_1110748157955194880,
ID_1110752661266149376,
ID_1110761462513963008,
ID_1110800449580515328,
ID_1110815958778691584,
ID_1110827008827817984,
ID_1110838738383446016,
ID_1110851006802337792,
ID_1110854432621649920,
ID_1110867778532200448,
ID_1110874468728094720,
ID_1110892108196515840,
ID_1110896607841714176,
ID_1110900286455988224,
ID_1110904860390625280,
ID_1110907970655797248,
ID_1110910628154273792,
ID_1110919594116562944,
ID_1110921308831969280,
ID_1110924886564921344,
ID_1110925776424177664,
ID_1110931552945475584,
ID_1110934769997615104,
ID_1110949565694398464,
ID_1110950506116116480,
ID_1110964383478353920,
ID_1110973702852759552,
ID_1110982610401050624,
ID_1110983456299929600,
ID_1110987347343130624,
ID_1110992719302795264,
ID_1110997301152100352,
ID_1111005776255033344,
ID_1111017663470424064,
ID_1111020236201811968,
ID_1111021202942902272,
ID_1111025112453517312,
ID_1111035671207124992,
ID_1111049207245361152,
ID_1111058651668570112,
ID_1111062307784847360,
ID_1111069061973196800,
ID_1111075714449788928,
ID_1111081920719400960,
ID_1111084281600921600,
ID_1111098977007611904,
ID_1111105407714500608,
ID_1111115904560103424,
ID_1111162425225691136,
ID_1111181125702037504,
ID_1111181169335435264,
ID_1111248757230845952,
ID_1111259557970485248,
ID_1111260768127852544,
ID_1111271521216090112,
ID_1111273486553620480,
ID_1111288037802045440,
ID_1111289542718287872,
ID_1111289872277520384,
ID_1111296325910437888,
ID_1111298048330747904,
ID_1111299398598828032,
ID_1111313135120642048,
ID_1111324725597360128,
ID_1111325243430354944,
ID_1111326686493200384,
ID_1111340334456422400,
ID_1111350937468186624,
ID_1111352349916884992,
ID_1111374905763729408,
ID_1111388023847936000,
ID_1111402767698915328,
ID_1111405122444120064,
ID_1111406959150792704,
ID_1111413201755791360,
ID_1111414506792452096,
ID_1111448254590390272,
ID_1111454417583329280,
ID_1111470401652174848,
ID_1111506654900772864,
ID_1111534949604229120,
ID_1111537198770343936,
ID_1111560633743482880,
ID_1111577365489111040,
ID_1111596796881571840,
ID_1111636612927180800,
ID_1111644782621851648,
ID_1111660735044743168,
ID_1111662082188038144,
ID_1111679998161756160,
ID_1111704284297613312,
ID_1111707512166846464,
ID_1111709190798610432,
ID_1111709761475670016,
ID_1111719290334519296,
ID_1111719447419670528,
ID_1111737961681293312,
ID_1111740623051243520,
ID_1111765210006728704,
ID_1111770119217262592,
ID_1111795632656838656,
ID_1111799411552718848,
ID_1111810302474096640,
ID_1111813790973263872,
ID_1111829396128702464,
ID_1111839710694068224,
ID_1111847935225065472,
ID_1111857411919212544,
ID_1111863460680384512,
ID_1111863697700462592,
ID_1111867528765153280,
ID_1111943169913036800,
ID_1111953781095313408,
ID_1111969851109769216,
ID_1111975059764199424,
ID_1112003162884456448,
ID_1112021987487088640,
ID_1112044766089367552,
ID_1112044845403648000,
ID_1112046904844697600,
ID_1112087996399005696,
ID_1112106054630993920,
ID_1112110087542398976,
ID_1112125568810659840,
ID_1112157147465281536,
ID_1112186396733784064,
ID_1112267276257030144,
ID_1112311360577290240,
ID_1112375310568218624,
ID_1112406505955852288,
ID_1112430775666769920,
ID_1112441785073176576,
ID_1112460468814258176,
ID_1112460938710532096,
ID_1112503493594673152,
ID_1112516852041895936,
ID_1112525786467061760,
ID_1112583005279842304,
ID_1112693479749140480,
ID_1112727353191469056,
ID_1112746190683164672,
ID_1112750977461952512,
ID_1112762371502682112,
ID_1112784034382446592,
ID_1112785484105895936,
ID_1112791444048080896,
ID_1112794114985222144,
ID_1112800732531625984,
ID_1112819654018228224,
ID_1112831621017763840,
ID_1112859212936372224,
ID_1112862489631473664,
ID_1112885082820407296,
ID_1112896253384450048,
ID_1112919949989855232,
ID_1112991839605460992,
ID_1113027014930432000,
ID_1113041587272142848,
ID_1113062758285635584,
ID_1113067412276957184,
ID_1113067545416826880,
ID_1113068685189476352,
ID_1113068931361763328,
ID_1113077457194815488,
ID_1113090895690321920,
ID_1113101318447685632,
ID_1113101356523511808,
ID_1113106595720835072,
ID_1113108646626541568,
ID_1113133240825524224,
ID_1113134658621988864,
ID_1113138512398876672,
ID_1113152518069080064,
ID_1113161174810423296,
ID_1113165210846674944,
ID_1113167777236434944,
ID_1113173811543801856,
ID_1113228967467790336,
ID_1113232115817111552,
ID_1113240575065640960,
ID_1113327371640352768,
ID_1113361588545826816,
ID_1113386979025145856,
ID_1113439564486647808,
ID_1113457031997005824,
ID_1113492622436335616,
ID_1115912220695777280,
ID_1115969186671538176,
ID_1116118304295247872,
ID_1116594693712662528,
ID_1117066255482093568,
ID_1117176535444860928,
ID_1117774372977152000,
ID_1118072192376475648,
ID_1118080078997610496,
ID_1167488544132292608,
ID_1167508711763582976,
ID_1167512265576374272,
ID_1167513247337123840,
ID_1167519954792570880,
ID_1167523469715746816,
ID_1167523726482706432,
ID_1167532405831323648,
ID_1167532707083145216,
ID_1167533810810048512,
ID_1167542567145222144,
ID_1167545583768199168,
ID_1167554437424058368,
ID_1167555857187594240,
ID_1167557171200106496,
ID_1167562217652457472,
ID_1167562451593945088,
ID_1167577360255934464,
ID_1167578672192196608,
ID_1167591166923235328,
ID_1167612406723489792,
ID_1167634666607845376,
ID_1167646821050716160,
ID_1167658207319187456,
ID_1167667075504070656,
ID_1167671819278663680,
ID_1167679869888737280,
ID_1167720918380158976,
ID_1167743291967696896,
ID_1167761487873622016,
ID_1167778641901686784,
ID_1167782703074336768,
ID_1167795696889716736,
ID_1167809855517843456,
ID_1167816141860999168,
ID_1167820406444777472,
ID_1167820655724830720,
ID_1167820820900655104,
ID_1167820950794055680,
ID_1167831514350071808,
ID_1167841278899445760,
ID_1167841620814913536,
ID_1167844534321057792,
ID_1167847078313308160,
ID_1167852157758050304,
ID_1167853856501456896,
ID_1167854227026305024,
ID_1167865772011487232,
ID_1167874946372001792,
ID_1167879435514609664,
ID_1167880853436788736,
ID_1167900216076337152,
ID_1167900927912579072,
ID_1167915700154798080,
ID_1167921412763316224,
ID_1167921452403679232,
ID_1167948325640757248,
ID_1167962033284878336,
ID_1167983948544086016,
ID_1168023513405501440,
ID_1168035707362762752,
ID_1168089941949198336,
ID_1168155039522836480,
ID_1168155291264999424,
ID_1168157016436682752,
ID_1168165608946618368,
ID_1168176931688370176,
ID_1168178071679225856,
ID_1168178492242051072,
ID_1168179084242767872,
ID_1168186550460526592,
ID_1168187003470565376,
ID_1168196142057840640,
ID_1168206089051168768,
ID_1168206177630662656,
ID_1168210555741454336,
ID_1168216728825999360,
ID_1168219670089854976,
ID_1168221206748831744,
ID_1168221534449799168,
ID_1168223751831511040,
ID_1168225146479550464,
ID_1168226572869996544,
ID_1168226718294953984,
ID_1168231045331918848,
ID_1168234754124259328,
ID_1168237477951352832,
ID_1168241812013821952,
ID_1168244733283643392,
ID_1168245092659945472,
ID_1168248093776719872,
ID_1168250785777500160,
ID_1168252185198510080,
ID_1168254792961011712,
ID_1168261400721887232,
ID_1168262856682430464,
ID_1168264609347842048,
ID_1168266419856740352,
ID_1168266468947046400,
ID_1168267909313024000,
ID_1168268312914083840,
ID_1168269583683215360,
ID_1168270671744577536,
ID_1168270875218591744,
ID_1168271111546646528,
ID_1168272397499285504,
ID_1168273448931667968,
ID_1168273787470700544,
ID_1168275085599412224,
ID_1168276279092604928,
ID_1168277611752984576,
ID_1168279022008225792,
ID_1168283025274261504,
ID_1168288535344046080,
ID_1168292429071638528,
ID_1168292900318470144,
ID_1168295030513123328,
ID_1168298225683640320,
ID_1168298868808667136,
ID_1168300353067945984,
ID_1168300495351484416,
ID_1168301738048180224,
ID_1168303773258637312,
ID_1168307608995999744,
ID_1168307887766233088,
ID_1168311165534916608,
ID_1168313098823962624,
ID_1168314820690620416,
ID_1168317253533782016,
ID_1168319364266807296,
ID_1168319748502953984,
ID_1168324479673499648,
ID_1168325238788120576,
ID_1168330161592381440,
ID_1168332557072654336,
ID_1168334604811612160,
ID_1168334779051364352,
ID_1168339532913287168,
ID_1168342447048536064,
ID_1168345486836883456,
ID_1168345614029115392,
ID_1168346559634976768,
ID_1168347406586568704,
ID_1168349194882600960,
ID_1168350329974546432,
ID_1168361131494260736,
ID_1168376879708901376,
ID_1168377962548346880,
ID_1168384810529636352,
ID_1168386123267268608,
ID_1168394270010740736,
ID_1168400126957821952,
ID_1168405332680482816,
ID_1176464580639375360,
ID_1176465104608608256,
ID_1176465435761487872,
ID_1176466808397844480,
ID_1176467618670219264,
ID_1176468264387584000,
ID_1176469959146389504,
ID_1176470972867731456,
ID_1176471143701733376,
ID_1176471641632792576,
ID_1176472118671925248,
ID_1176472386025209856,
ID_1176472570243231744,
ID_1176473212630294528,
ID_1176473503207428096,
ID_1176473591589888000,
ID_1176474120839675904,
ID_1176474254075944960,
ID_1176475678784610304,
ID_1176476154473177088,
ID_1176476178187730944,
ID_1176476774437478400,
ID_1176479567323762688,
ID_1176479699951857664,
ID_1176479908316553216,
ID_1176479940600053760,
ID_1176480165251166208,
ID_1176481382287233024,
ID_1176481550399082496,
ID_1176482362886168576,
ID_1176482458654662656,
ID_1176482862117396480,
ID_1176484605303689216,
ID_1176484786166218752,
ID_1176484850217435136,
ID_1176485968314085376,
ID_1176486351371300864,
ID_1176486406803341312,
ID_1176486526185824256,
ID_1176486605265231872,
ID_1176487329336365056,
ID_1176487696337985536,
ID_1176489674203893760,
ID_1176490089247051776,
ID_1176490228762255360,
ID_1176491441406783488,
ID_1176491533769613312,
ID_1176492449847566336,
ID_1176492830707113984,
ID_1176492871916097536,
ID_1176495012839923712,
ID_1176495974153367552,
ID_1176495977886289920,
ID_1176496065736060928,
ID_1176496111613284352,
ID_1176497120301461504,
ID_1176497522098999296,
ID_1176497973175472128,
ID_1176498388491280384,
ID_1176499809248829440,
ID_1176499983958380544,
ID_1176500198958407680,
ID_1176501926273474560,
ID_1176502094205001728,
ID_1176502445050085376,
ID_1176502894662750208,
ID_1176503793208451072,
ID_1176504808515211264,
ID_1176508068605177856,
ID_1176509524510957568,
ID_1176510115920384000,
ID_1176513833629900800,
ID_1176514521172779008,
ID_1176515451544887296,
ID_1176516943995711488,
ID_1176517234547671040,
ID_1176519911113445376,
ID_1176520718164602880,
ID_1176525641744863232,
ID_1176527930110939136,
ID_1176530698536194048,
ID_1176531574617231360,
ID_1176534453692354560,
ID_1176535986408480768,
ID_1176538514818764800,
ID_1176538625733009408,
ID_1176541098233253888,
ID_1176541264604467200,
ID_1176542016647454720,
ID_1176545290301661184,
ID_1176553601881255936,
ID_1176556910490857472,
ID_1176562544804343808,
ID_1176564559768903680,
ID_1176564965685235712,
ID_1176567364617408512,
ID_1176569692078727168,
ID_1176569918294233088,
ID_1176584966467129344,
ID_1176606961858531328,
ID_1176613691921436672,
ID_1176632926668300288,
ID_1176644490095931392,
ID_1176670163976036352,
ID_1176695999240298496,
ID_1176716320395681792,
ID_1176733288414810112,
ID_1176754112647639040,
ID_1176756450627948544,
ID_1176761141508358144,
ID_1176762086929702912,
ID_1176781302386892800,
ID_1176800515293929472,
ID_1176805907889631232,
ID_1176807258379784192,
ID_1176807926016573440,
ID_1176808655330693120,
ID_1176859212422557696,
ID_1176882557117444096,
ID_1177033433882775552,
ID_1177100452154003456,
ID_1177110959388811264,
ID_1177137369562193920,
ID_1177141832431652864,
ID_1177146978431422464,
ID_1177153282323755008,
ID_1177156754829926400,
ID_721565577505030144,
ID_721565833814786048,
ID_721567194199379968,
ID_721575488234340352,
ID_721580577590104064,
ID_721580578454114304,
ID_721586058446708736,
ID_721591304518516736,
ID_721592550277136384,
ID_721598092223455232,
ID_721601004223995904,
ID_721603644110606336,
ID_721607697955577856,
ID_721609010319855616,
ID_721609916306337792,
ID_721611494438383616,
ID_721626605907537920,
ID_721637852384079872,
ID_721639476322254848,
ID_721656918398271488,
ID_721658218020257792,
ID_721662202625699840,
ID_721664703899037696,
ID_721670356986163200,
ID_721674059902226432,
ID_721674560689545216,
ID_721686781566066688,
ID_721699078216814592,
ID_721716600970338304,
ID_721721790851117056,
ID_721721874078687232,
ID_721723314180399104,
ID_721724140043026432,
ID_721730216876457984,
ID_721730332970590208,
ID_721730548662693888,
ID_721731680793452544,
ID_721731697448992768,
ID_721733589646217216,
ID_721735231372308480,
ID_721735475711590400,
ID_721736610769989632,
ID_721737677951868928,
ID_721737967652495360,
ID_721738261337632768,
ID_721739973511098368,
ID_721740372301516800,
ID_721741889993486336,
ID_721743666419802112,
ID_721746548313497600,
ID_721751500494618624,
ID_721751556685742080,
ID_721754752766316544,
ID_721754760299216896,
ID_721755476908748800,
ID_721755895416373248,
ID_721757200855736320,
ID_721759369814126592,
ID_721765760465530880,
ID_721767225456074752,
ID_721769539353055232,
ID_721776652368396288,
ID_721783038967947264,
ID_721787439426248704,
ID_721788455001264128,
ID_721790409471438848,
ID_721793843960483840,
ID_721797026040705024,
ID_721802440253812736,
ID_721803310001291264,
ID_721807777409187840,
ID_721811859125452800,
ID_721816031233056768,
ID_721816528321134592,
ID_721823078033006592,
ID_721825995964215296,
ID_721831545594605568,
ID_721832188313006080,
ID_721834810298273792,
ID_721835800334364672,
ID_721839953605308416,
ID_721843731222118400,
ID_721848914299731968,
ID_721853537848700928,
ID_721855433741307904,
ID_721859000694894592,
ID_721862399788204032,
ID_721865974585106432,
ID_721866807267692544,
ID_721881890211409920,
ID_721893287435640832,
ID_721897438785703936,
ID_721899198795423744,
ID_721899379758653440,
ID_721900388677320704,
ID_721908490193801216,
ID_721909412483481600,
ID_721912881000935424,
ID_721914998780465152,
ID_721915382399954944,
ID_721928184963407872,
ID_721934554005680128,
ID_721937250490195968,
ID_721938930258616320,
ID_721944291657052160,
ID_721945569619345408,
ID_721947100741836800,
ID_721959342895972352,
ID_721966156018356224,
ID_721977459751694336,
ID_721986698612056064,
ID_721991081785749504,
ID_721992087604895744,
ID_721995551588360192,
ID_722003952066105344,
ID_722006347617853440,
ID_722006861566881792,
ID_722016165057273856,
ID_722026959350407168,
ID_722029263365365760,
ID_722041257439141888,
ID_722052315402924032,
ID_722054652909481984,
ID_722055497675710464,
ID_722064140047642624,
ID_722065372300623872,
ID_722067979098275840,
ID_722069206947205120,
ID_722069227985858560,
ID_722073657816805376,
ID_722074696259354624,
ID_722076487504044032,
ID_722076692815224832,
ID_722080176239177728,
ID_722082870513246208,
ID_722083026335694848,
ID_722084910874419200,
ID_722086510057635840,
ID_722087531576193024,
ID_722089531269332992,
ID_722089931976278016,
ID_722089934144872448,
ID_722093544853401600,
ID_722093828958593024,
ID_722093837212999680,
ID_722094809809223680,
ID_722104290089771008,
ID_722105257283575808,
ID_722105444983050240,
ID_722106660915953664,
ID_722108559446573056,
ID_722109295941197824,
ID_722110742846173184,
ID_722114392389730304,
ID_722131977319657472,
ID_722138373192855552,
ID_722139827794264064,
ID_722147510052106240,
ID_722151373765120000,
ID_722152645494992896,
ID_722158806881296384,
ID_722163156638769152,
ID_722167049502371840,
ID_722169502692208640,
ID_722171902047993856,
ID_722173247970766848,
ID_722177421693333504,
ID_722179344865619968,
ID_722182164549353472,
ID_722184211503968256,
ID_722184216818163712,
ID_722184997508116480,
ID_722187646894751744,
ID_722189377426890752,
ID_722189633661116416,
ID_722189731447074816,
ID_722193375538061312,
ID_722194026603155456,
ID_722196312351981568,
ID_722199500870258688,
ID_722204384139087872,
ID_722208196115505152,
ID_722209456143130624,
ID_722209885958586368,
ID_728534356034084864,
ID_728545128437194752,
ID_728545222888689664,
ID_728562106291781632,
ID_728574181948928000,
ID_728580648475234304,
ID_728597478946287616,
ID_728603599090024448,
ID_728604991397584896,
ID_728606798282919936,
ID_728633408159666176,
ID_728633905411141632,
ID_728644856575197184,
ID_728649946929451008,
ID_728660948173475840,
ID_728664651861368832,
ID_728666393655185408,
ID_728690215615750144,
ID_728695688519946240,
ID_728699563972780032,
ID_728700284952715264,
ID_728705286467420160,
ID_728705357443293184,
ID_728708563087052800,
ID_728712517954965504,
ID_728721733415403520,
ID_728738932909875200,
ID_728743840333504512,
ID_728746282903207936,
ID_728748365865869312,
ID_728750739175051264,
ID_728755141243899904,
ID_728764877641158656,
ID_728831267353956352,
ID_728857199296942080,
ID_728870660508770304,
ID_728923020564287488,
ID_728935137342164992,
ID_728941728271470592,
ID_728954374429478912,
ID_728954588473122816,
ID_728959795106091008,
ID_728988422052798464,
ID_729047443136872448,
ID_729050159393312768,
ID_729064675539755008,
ID_729076792619753472,
ID_729089814411251712,
ID_729091544645574656,
ID_729096029241413632,
ID_729116765813276672,
ID_729143335475027968,
ID_729163252756676608,
ID_729180270402801664,
ID_729266348153524224,
ID_729294441165426688,
ID_729325329475579904,
ID_729334461762961408,
ID_729348394884337664,
ID_729362464681250816,
ID_729362804252151808,
ID_729365930233356288,
ID_729395859490779136,
ID_729416698105872384,
ID_729440732965113856,
ID_729459551078993920,
ID_729515648347418624,
ID_729527862068424704,
ID_729547494003232768,
ID_729621224184119296,
ID_729673285387079680,
ID_729675825705029632,
ID_729686157110456320,
ID_729686207840444416,
ID_729690413255168000,
ID_729699540656259072,
ID_729699605651304448,
ID_729701173968699392,
ID_729713715667304448,
ID_729719745725882368,
ID_729723341439836160,
ID_729743392834347008,
ID_729754781435236352,
ID_729763766896873472,
ID_729766853518741504,
ID_729767761824583680,
ID_729778331529392128,
ID_729784848546725888,
ID_729791867664093184,
ID_729823911895048192,
ID_729828329189199872,
ID_729839195921993728,
ID_729867300640153600,
ID_729934254025547776,
ID_730002995329548288,
ID_730018499955855360,
ID_730020846811549696,
ID_730021938664366080,
ID_730043662713823232,
ID_730070590921433088,
ID_730093408145047552,
ID_730134759444189184,
ID_730202253848678400,
ID_730262455457210368,
ID_730400470200659968,
ID_730464599670194176,
ID_730483043140538368,
ID_730492634125500416,
ID_730529189648982016,
ID_730664621653278720,
ID_730812243760316416,
ID_730818270765428736,
ID_730823466228703232,
ID_730834506320515072,
ID_730850931315740672,
ID_730868410763116544,
ID_730881404834353152,
ID_731278144645124096,
ID_731309824298909696,
ID_731336191140724736,
ID_731361386756902912,
ID_731455959843917824,
ID_731512686547243008,
ID_731538620616597504,
ID_731759683397136384,
ID_731907535662252032,
ID_731940469643587584,
ID_732181515895967744,
ID_732239833834229760,
ID_732272605172924416,
ID_732338744783560704,
ID_732356000921980928,
ID_732360095695310848,
ID_732360851529682944,
ID_732361026604142592,
ID_732365979376713728,
ID_732466521314746368,
ID_732520107738583040,
ID_732527577760436224,
ID_732539811488235520,
ID_732556743641731072,
ID_732568497088172032,
ID_732570782031740928,
ID_732675961238355968,
ID_732723401115107328,
ID_732752772253265920,
ID_732765317005488128,
ID_732779448504836096,
ID_732937962015461376,
ID_732953920687874048,
ID_732991451093557248,
ID_733023048073383936,
ID_733068250725142528,
ID_733078333563359232,
ID_733352833580474368,
ID_733413736686358528,
ID_733451122011181056,
ID_733649652042637312,
ID_733688875529293824,
ID_733750628137066496,
ID_733800539511619584,
ID_733883217036468224,
ID_733903030660173824,
ID_734175060903137280,
ID_734393386589884416,
ID_734515181896781824,
ID_734562552135450624,
ID_734857889995755520,
ID_734948198658105344,
ID_735178846849404928,
ID_735556905192427520,
ID_735619028559880192,
ID_735663278165229568,
ID_735813403168608256,
ID_735885139683639296,
ID_768468974854082560,
ID_768469571326078976,
ID_768472827527737344,
ID_768483580813148160,
ID_768501900178255872,
ID_768505487461449728,
ID_768507552468377600,
ID_768518904952086528,
ID_768520413760618496,
ID_768541667381116928,
ID_768545980518109184,
ID_768550888399114240,
ID_768570891336839168,
ID_768572711102738432,
ID_768574297992470528,
ID_768579987247013888,
ID_768699836170403840,
ID_768700951989551104,
ID_768706315564834816,
ID_768718414772920320,
ID_768720766976352256,
ID_768721598274822144,
ID_768730678112419840,
ID_768755676420145152,
ID_768769359959457792,
ID_768805608426471424,
ID_768816590368411648,
ID_768818737172582400,
ID_768851443117879296,
ID_768879098470871040,
ID_768921609147191296,
ID_768924405397352448,
ID_769037002415235072,
ID_769061028386701312,
ID_769063505576296448,
ID_769101911949713408,
ID_769108185303179264,
ID_769159788605370368,
ID_769181207410204672,
ID_769460209328717824,
ID_769515903469907968,
ID_769596037417803776,
ID_769910288481222656,
ID_769984880168042496,
ID_771425241268498432,
ID_771426001834303488,
ID_771427974704836608,
ID_771429366626594816,
ID_771430404196667392,
ID_771431391149957120,
ID_771431680972165120,
ID_771436436826443776,
ID_771451745843027968,
ID_771455644482187264,
ID_771455893074354176,
ID_771457631328301056,
ID_771469623921258496,
ID_783383316888117248,
ID_783385314555531264,
ID_783388903676018688,
ID_783393218792714240,
ID_783394299031461888,
ID_783395012260147200,
ID_783398854959828992,
ID_783402679967977472,
ID_783403166113013760,
ID_783403211965292544,
ID_783405633450180608,
ID_783407098654699520,
ID_783411018684854272,
ID_783411606298296320,
ID_783418713378844672,
ID_783422604069654528,
ID_783424296739831808,
ID_783426492952899584,
ID_783429009401008128,
ID_783429151529308160,
ID_783430549062967296,
ID_783431996794105856,
ID_783436659949985792,
ID_783438681621143552,
ID_783453931410251776,
ID_783456690754682880,
ID_783465212687052800,
ID_783472997709471744,
ID_783481455955423232,
ID_783487635780173824,
ID_783493456257687552,
ID_783496257054633984,
ID_783496748476030976,
ID_783497536946470912,
ID_783512857686179840,
ID_783517570158714880,
ID_783529112568795136,
ID_783534531294920704,
ID_783539813463027712,
ID_783550843375218688,
ID_783566165016739840,
ID_783566922247905280,
ID_783586053215051776,
ID_783587286546079744,
ID_783605256433393664,
ID_783608502015053824,
ID_783610563012231168,
ID_783611689577148416,
ID_783634879971852288,
ID_783639547703808000,
ID_783641994270760960,
ID_783652917597315072,
ID_783662293066346496,
ID_783668354452189184,
ID_783670395010449408,
ID_783674490672717824,
ID_783675917990232064,
ID_783679719581573120,
ID_783686318609936384,
ID_783689643917242368,
ID_783692167978086400,
ID_783693570704220160,
ID_783693947558178816,
ID_783699184025239552,
ID_783701383249850368,
ID_783702603204927488,
ID_783702972199043072,
ID_783703309186048000,
ID_783704564859965440,
ID_783707214271741952,
ID_783725049995988992,
ID_783733936279007232,
ID_783734788502859776,
ID_783735836160331776,
ID_783738443260108800,
ID_783739988391268352,
ID_783750156286042112,
ID_783750375169888256,
ID_783752281992769536,
ID_783758250680393728,
ID_783765099811049472,
ID_783767782265593856,
ID_783768304699703296,
ID_783771836735782912,
ID_783771967530885120,
ID_783775873052717056,
ID_783776844428484608,
ID_783779269721874432,
ID_783785407800565760,
ID_783786462432993280,
ID_783788546222125056,
ID_783797367258570752,
ID_783801079901347840,
ID_783820755280605184,
ID_783824703278415872,
ID_783826569538273280,
ID_783827456713121792,
ID_783827506357014528,
ID_783830416419684352,
ID_783831303544242176,
ID_783831315149881344,
ID_783832514565640192,
ID_783833683459309568,
ID_783834022090674176,
ID_783834163346497536,
ID_783834801379782656,
ID_783836362789097472,
ID_783839082648473600,
ID_783845072802500608,
ID_783849411302526976,
ID_783853828114440192,
ID_783854988464365568,
ID_783856367383646208,
ID_783864451170611200,
ID_783867719905058816,
ID_783870371887853568,
ID_783872136800632832,
ID_783875703443816448,
ID_783881738858659840,
ID_783882565136490496,
ID_783883956512968704,
ID_783884906833121280,
ID_783900032214806528,
ID_783908261468647424,
ID_783917160687104000,
ID_783917851128188928,
ID_783920880355127296,
ID_783923587971321856,
ID_783924572345266176,
ID_783930991387762688,
ID_783931318505701376,
ID_783932324325036032,
ID_783937108683722752,
ID_783938059586924544,
ID_783939520081387520,
ID_783940510268350464,
ID_783941693687013376,
ID_783944326770372608,
ID_783966533525516288,
ID_783970973305466880,
ID_783984300681105408,
ID_783986178118692864,
ID_783991683188948992,
ID_783992995582468096,
ID_783995382758051840,
ID_783999699049209856,
ID_784649065980190720,
ID_784649348466380800,
ID_784649359292002304,
ID_784689314571485184,
ID_784696682344656896,
ID_784697343807545344,
ID_784697434656034816,
ID_784697505946578944,
ID_784698801646817280,
ID_797789706171711488,
ID_797790246242897920,
ID_797790250449784832,
ID_797790695352254464,
ID_797791035795476480,
ID_797791045593354240,
ID_797791081735671808,
ID_797791151688327168,
ID_797791766954901504,
ID_797792919960756224,
ID_797793237767319552,
ID_797794239488741376,
ID_797794346410000384,
ID_797794696001159168,
ID_797794701445238784,
ID_797796800706904064,
ID_797797038779838464,
ID_797797510945193984,
ID_797798574306140160,
ID_797800573663780864,
ID_797800676545863680,
ID_797801243921895424,
ID_797801571794882560,
ID_797801806621351936,
ID_797804567781965824,
ID_797805152040194048,
ID_797805580299763712,
ID_797808079400095744,
ID_797808377191600128,
ID_797811481383292928,
ID_797812606857871360,
ID_797813945411182592,
ID_797813950289244160,
ID_797814695772073984,
ID_797815224212426752,
ID_797818646005321728,
ID_797822114732470272,
ID_797822223453040640,
ID_797825176960253952,
ID_797827974523338752,
ID_797833774197194752,
ID_797838581997981696,
ID_797846106688274432,
ID_797846945255473152,
ID_797848229110910976,
ID_797850667964469248,
ID_797851086279147520,
ID_797851278864957440,
ID_797856051949281280,
ID_797857048520224768,
ID_797859514766790656,
ID_797859644165083136,
ID_797861638271418368,
ID_797865956789751808,
ID_797867002962423808,
ID_797867144193024000,
ID_797869352150126592,
ID_797872279161966592,
ID_797873680407789568,
ID_797874752555626496,
ID_797877792113201152,
ID_797878510425546752,
ID_797886327823810560,
ID_797891469562392576,
ID_797891578484269056,
ID_797891966046388224,
ID_797892470725971968,
ID_797901131439443968,
ID_797904122494095360,
ID_797905177105678336,
ID_797905734864207872,
ID_797906496453419008,
ID_797907088324300800,
ID_797911656806289408,
ID_797930611390304256,
ID_797930787202998272,
ID_797934809230155776,
ID_797936719949545472,
ID_797941166935154688,
ID_797941433713848320,
ID_797941957943173120,
ID_797942129901256704,
ID_797942677350141952,
ID_797944165174652928,
ID_797956205998010368,
ID_797962500784340992,
ID_797964074873036800,
ID_797964102433787904,
ID_797966573294088192,
ID_797967765424324608,
ID_797968377465610240,
ID_797970705329463296,
ID_797974481138397184,
ID_797979952880549888,
ID_797980725236613120,
ID_797981273834790912,
ID_797985253272866816,
ID_797988337768239104,
ID_797991178259992576,
ID_797992489441296384,
ID_797994890483245056,
ID_797999551693131776,
ID_798002317127655424,
ID_798003886531317760,
ID_798007105634508800,
ID_798007786822979584,
ID_798013173076889600,
ID_798017047540047872,
ID_798017069799247872,
ID_798031450100535296,
ID_798066848176574464,
ID_798086210342092800,
ID_798092620526329856,
ID_798107229924622336,
ID_798176297470033920,
ID_798185118800093184,
ID_798282528327159808,
ID_798308033478561792,
ID_798331382355197952,
ID_798338598151942144,
ID_798348515864813568,
ID_798358116513419264,
ID_798410286394994688,
ID_798412719963701248,
ID_798414540883054592,
ID_798415287901102080,
ID_798423960782303232,
ID_798476044420272128,
ID_798488400877658112,
ID_798488445769220096,
ID_798497925445939200,
ID_798601798726496256,
ID_798607684660436992,
ID_798610347930193920,
ID_798639915139362816,
ID_798668870860976128,
ID_798669237027938304,
ID_798672082770898944,
ID_798674074805436416,
ID_798713310149373952,
ID_798727277794033664,
ID_798744524155748352,
ID_798786733852631040,
ID_798809755833634816,
ID_798863128469512192,
ID_798946002463924224,
ID_800239650665177088,
ID_800442001984520192,
ID_800495952419123200,
ID_800516482870300672,
ID_800523041264414720,
ID_800577888672063488,
ID_800816642867412992,
ID_800946260601511936,
ID_869952624593915904,
ID_869967624435900416,
ID_869984764933136384,
ID_870014188411916288,
ID_870104744869732352,
ID_870108126766395392,
ID_870111913832833024,
ID_870130826469679104,
ID_870135696933109760,
ID_870142270552649728,
ID_870177938620243968,
ID_870184188342829056,
ID_870198877101727744,
ID_870224110848102400,
ID_870244098338377728,
ID_870245570039996416,
ID_870252738852139008,
ID_870259920695734272,
ID_870261679778562048,
ID_870261750301642752,
ID_870298761204912128,
ID_870318925841551360,
ID_870325729241726976,
ID_870395005386584064,
ID_870528515803709440,
ID_870533145472507904,
ID_870535125099884544,
ID_870559191844491264,
ID_870561572938231808,
ID_870589078479134720,
ID_870589481862258688,
ID_870595597694148608,
ID_870604344713936896,
ID_870625024239120384,
ID_870904365577453568,
ID_870988094287302656,
ID_871192926872899584,
ID_871208155463680000,
ID_871231357741125632,
ID_871273497481367552,
ID_871403185881190400,
ID_871425020181872640,
ID_871479652027555840,
ID_871650174073884672,
ID_871726064531161088,
ID_871807985353359360,
ID_871882191416041472,
ID_872049578572492800,
ID_872080126984339456,
ID_872123507961942016,
ID_872133448663683072,
ID_872209745653923840,
ID_872441330147876864,
ID_872540655733624832,
ID_872671646749827072,
ID_872714386133090304,
ID_872909214481432576,
ID_873566303545696256,
ID_873586632011788288,
ID_873652760440438784,
ID_873664210928009216,
ID_873707759283437568,
ID_873906773777895424,
ID_874152648911540224,
ID_874872959437070336,
ID_876024256894824448,
ID_876316720109060096,
ID_877124359478927360,
ID_877452660626137088,
ID_877645428031750144,
ID_877838559696367616,
ID_878258879036915712,
ID_878855642890596352,
ID_878858722373709824,
ID_901264485352173568,
ID_901439076829736960,
ID_901446617609515008,
ID_901536107795501056,
ID_901538257091145728,
ID_901560423484342272,
ID_901572527897673728,
ID_901663091443818496,
ID_901672131116670976,
ID_901679860518707200,
ID_901693022366162944,
ID_901701358067359744,
ID_901701369983373312,
ID_901705989971255296,
ID_901717610995355648,
ID_901733501686374400,
ID_901734036468637696,
ID_901746907382472704,
ID_901747295267512320,
ID_901751794400886784,
ID_901764377904381952,
ID_901771496930103296,
ID_901772397967224832,
ID_901783643626110976,
ID_901796888336375808,
ID_901821632607469568,
ID_901835436628344832,
ID_901889596526559232,
ID_901914327954927616,
ID_902603886535426048,
ID_902607052337532928,
ID_902607141814591488,
ID_902608309009752064,
ID_902614026424856576,
ID_902618026620719104,
ID_902619697245372416,
ID_902629843384328192,
ID_902634637733892096,
ID_902638570363609088,
ID_902638902065975296,
ID_902646103060996096,
ID_902646450861084672,
ID_902646829090820096,
ID_902648150166568960,
ID_902649278090313728,
ID_902649306099920896,
ID_902650531503529984,
ID_902653367587147776,
ID_902653444745547776,
ID_902653690632314880,
ID_902657588583682048,
ID_902658787080900608,
ID_902669182667542528,
ID_902694155897450496,
ID_902696015182012416,
ID_902718832749535232,
ID_902743433902661632,
ID_902851683251875840,
ID_902852329392791552,
ID_902854128006811648,
ID_902854719500161024,
ID_902855149642686464,
ID_902856788780892160,
ID_902857893858422784,
ID_902864519705354240,
ID_902866033454829568,
ID_902873470354292736,
ID_902882494525136896,
ID_902885406911471616,
ID_902891297249353728,
ID_902893863320346624,
ID_902896785588457472,
ID_902897278721163264,
ID_902903589617770496,
ID_902904706284048384,
ID_902905277565067264,
ID_902906600079294464,
ID_903048427164065792,
ID_903054148337324032,
ID_903063146948157440,
ID_903352836628480000,
ID_903360484409307136,
ID_903379632719888384,
ID_903384893262102528,
ID_903391856565805056,
ID_903398960383102976,
ID_903401491351822336,
ID_903435368481136640,
ID_903448042703114240,
ID_903464198226796544,
ID_903556196556193792,
ID_903575686409007104,
ID_903576804048478208,
ID_903581268767637504,
ID_903597712251248640,
ID_903618920325709824,
ID_903644050150051840,
ID_903645855080697856,
ID_903650683542540288,
ID_903665421794009088,
ID_903668005132959744,
ID_903671064554811392,
ID_903686490051530752,
ID_903693952888471552,
ID_903695569339781120,
ID_903743703759630336,
ID_903749751669231616,
ID_903750786668224512,
ID_903756103644786688,
ID_903762039574749184,
ID_905305610404679680,
ID_905336132950478848,
ID_905357568993705984,
ID_905511427523403776,
ID_905567685249040384,
ID_905581884620521472,
ID_905584194750824448,
ID_905600382096752640,
ID_905642071976951808,
ID_905647905205248000,
ID_905701097041530880,
ID_905720595027042304,
ID_905720731937505280,
ID_905720980219334656,
ID_905721646010552320,
ID_905721825182830592,
ID_905728290463379456,
ID_905738580034772992,
ID_905744292056100864,
ID_905755179550728192,
ID_905762138920275968,
ID_905886017336561664,
ID_905886292097069056,
ID_905886457679708160,
ID_905899198796660736,
ID_905904770279452672,
ID_905916654600810496,
ID_905999661068148736,
ID_906111101888335872,
ID_906133806238879744,
ID_906134840369668096,
ID_906191970166497280,
ID_906191991385534464,
ID_906220850982084608,
ID_906276034017976320,
ID_906305526321090560,
ID_906307402529742848,
ID_906325352560992256,
ID_906513539401175040,
ID_906527405644423168,
ID_906547230982602752,
ID_906598076382629888,
ID_906645137203367936,
ID_906649751675961344,
ID_906655372378820608,
ID_906686673483730944,
ID_906871868522680320,
ID_906927865408708608,
ID_907003765986938880,
ID_907023638410403840,
ID_907073229235347456,
ID_907100671064854528,
ID_907119060629864448,
ID_907201817431478272,
ID_907238801797292032,
ID_907262817497227264,
ID_907316260907732992,
ID_907346915305639936,
ID_907355309177532416,
ID_907388848807731200,
ID_907487411852034048,
ID_907492875092365312,
ID_907579982368702464,
ID_907629464707727360,
ID_907637665025191936,
ID_907705437843329024,
ID_907744081044017152,
ID_907764745247133696,
ID_907934034252095488,
ID_907943716001808384,
ID_907950919362514944,
ID_907963502773592064,
ID_907965199038205952,
ID_907967398615162880,
ID_907972948878876672,
ID_907987209634156544,
ID_907997789359149056,
ID_908001976843153408,
ID_908012094741676032,
ID_908042636879114240,
ID_908045879277473792,
ID_908059354535911424,
ID_908068144501149696,
ID_908114652898324480,
ID_908125003035672576,
ID_908141266613018624,
ID_908144776821788672,
ID_908144805124956160,
ID_908226318130704384,
ID_908231181447188480,
ID_908245586540941312,
ID_908267821532106752,
ID_908276339744047104,
ID_908280335644884992,
ID_908286792717266944,
ID_908287460400091136,
ID_908320341612748800,
ID_908326332785942528,
ID_908355079337594880,
ID_908361162034745344,
ID_908375708006703104,
ID_908383055752114176,
ID_908389993642684416,
ID_908390933544173568,
ID_908393066268110848,
ID_908439719364657152,
ID_908463698749960192,
ID_908489547922788352,
ID_908513569532256256,
ID_908526969456779264,
ID_908537585257021440,
ID_908546892585242624,
ID_908552168906428416,
ID_908557563993645056,
ID_908568831676657664,
ID_908590342718590976,
ID_908624039530385408,
ID_908626005253869568,
ID_908630845878976512,
ID_908632742790918144,
ID_908672815490043904,
ID_908695370577956864,
ID_908721429801250816,
ID_908743518562242560,
ID_908754446540144640,
ID_908789562196992000,
ID_908793027883360256,
ID_908812261787148288,
ID_908815606102798336,
ID_908815612926922752,
ID_908836650276544512,
ID_908844545219186688,
ID_908847499980533760,
ID_908850037928730624,
ID_908925545370578944,
ID_908931595297370112,
ID_909082940793114624,
ID_909141855018856448,
ID_909247223539666944,
ID_909269271909470208,
ID_909361189972361216,
ID_909386454111068160,
ID_909389858946285568,
ID_909419763306303488,
ID_909420203947180032,
ID_909424250536292352,
ID_909430097664409600,
ID_909431742171418624,
ID_909437890085756928,
ID_909455122094280704,
ID_909456745436778496,
ID_909474156659359744,
ID_909476952008003584,
ID_909480086486777856,
ID_909503639580037120,
ID_909537882028728320,
ID_909541990127345664,
ID_909545688647720960,
ID_909551842593558528,
ID_910523497943666688,
ID_910524709078470656,
ID_910524897218019328,
ID_910524918298591232,
ID_910531975483723776,
ID_910532334549704704,
ID_910532844056829952,
ID_910533672247246848,
ID_910534135734730752,
ID_910536681702354944,
ID_910538789969289216,
ID_910540620573192192,
ID_910540869236699136,
ID_910541145867829248,
ID_910542280683020288,
ID_910542610330116096,
ID_910543214997843968,
ID_910546095880540160,
ID_910546863207657472,
ID_910547294923231232,
ID_910551560752467968,
ID_910554973594779648,
ID_910555568917454848,
ID_910558817225764864,
ID_910559290561359872,
ID_910560031744999424,
ID_910560477733724160,
ID_910560551784165376,
ID_910562108907155456,
ID_910564868901658624,
ID_910567505512431616,
ID_910567740817129472,
ID_910570579715149824,
ID_910571033580785664,
ID_910571779361472512,
ID_910572599238782976,
ID_910572946137247744,
ID_910575552091885568,
ID_910576028304715776,
ID_910576832981950464,
ID_910577892962324480,
ID_910579377859026944,
ID_910580252300029952,
ID_910580496630996992,
ID_910580874776842240,
ID_910581559215960064,
ID_910582182040682496,
ID_910585374388445184,
ID_910585646942642176,
ID_910610378391928832,
ID_910611634120482816,
ID_910614660629487616,
ID_910615609800577024,
ID_910615962939932672,
ID_910618672175157248,
ID_910618681796829184,
ID_910619338855432192,
ID_910622111298863104,
ID_910622360541134848,
ID_910622361975582720,
ID_910623766224310272,
ID_910624637033357312,
ID_910624918550835200,
ID_910626767106428928,
ID_910626827940409344,
ID_910632954203738112,
ID_910633234261696512,
ID_910636552950132736,
ID_910638457768124416,
ID_910639318460280832,
ID_910641165564706816,
ID_910643324175790080,
ID_910643615914790912,
ID_910644412429955072,
ID_910644973862653952,
ID_910646772812333056,
ID_910646785814691840,
ID_910649843093086208,
ID_910657952176005120,
ID_910658234649681920,
ID_910671328818102272,
ID_910676529511792640,
ID_910677524346159104,
ID_910677987598647296,
ID_910680403014385664,
ID_910680782947090432,
ID_910680789699854336,
ID_910681236477067264,
ID_910681795225575424,
ID_910687250467262464,
ID_910687750537355264,
ID_910688283100831744,
ID_910689418134073344,
ID_910689690453340160,
ID_910690177110220800,
ID_910691787307499520,
ID_910691947890614272,
ID_910693586085318656,
ID_910694043708993536,
ID_910698815304413184,
ID_910699219693985792,
ID_910701306465148928,
ID_910704638067867648,
ID_910704653003714560,
ID_910705418350891008,
ID_910706558090252288,
ID_910707718746513408,
ID_910708636309213184,
ID_910708769247686656,
ID_910708972851683328,
ID_910709851503898624,
ID_910711736222830592,
ID_910713702969745408,
ID_910714693026701312,
ID_910715266723483648,
ID_910717444628598784,
ID_910717644017303552,
ID_910718009727209472,
ID_910719187504394240,
ID_910720128077189120,
ID_910720771437215744,
ID_910723415769862144,
ID_910724659712212992,
ID_910724667131990016,
ID_910725478390022144,
ID_910729984783855616,
ID_910736438148419584,
ID_910736673025093632,
ID_910737929194037248,
ID_910738575938822144,
ID_910740304797593600,
ID_910741049957584896,
ID_910742534678351872,
ID_910744990636224512,
ID_910746454515503104,
ID_910747823250931712,
ID_910752059556691968,
ID_910754444245118976,
ID_910755189673517056,
ID_910756559638036480,
ID_910770903343972352,
ID_910775500150382592,
ID_910778501430697984,
ID_910784890614009856,
ID_910785629633630208,
ID_910792764589305856,
ID_910804426440372224,
ID_910804634314399744,
ID_910813014739230720,
ID_911549177523589120,
ID_911554672804147200,
ID_911567124799348736,
ID_911595133258178560,
ID_911597108872073216,
ID_911621950547615744,
ID_911624575049400320,
ID_911629818671669248,
ID_911634328215543808,
ID_911638400175878144,
ID_911645122353385472,
ID_911646951581523968,
ID_911656052181016576,
ID_911656414556282880,
ID_911665054654750720,
ID_911667199252758528,
ID_911672687289913344,
ID_911688751386112000,
ID_911691054566531072,
ID_911696373032062976,
ID_911701866970525696,
ID_911702486695792640,
ID_911705151932469248,
ID_911710108094226432,
ID_911713536342155264,
ID_911717081422323712,
ID_911719248669507584,
ID_911726497551065088,
ID_911732116026679296,
ID_911733512079855616,
ID_911735613782667264,
ID_911742022079455232,
ID_911746243881312256,
ID_911748493361811456,
ID_911757952213807104,
ID_911774811143188480,
ID_911776987122929664,
ID_911784626691047424,
ID_911828680078512128,
ID_911831029748518912,
ID_911839965159575552,
ID_911844617234059264,
ID_911873646775255040,
ID_911882316078813184,
ID_911913348517810176,
ID_911948067104067584,
ID_911951701766279168,
ID_911961735149518848,
ID_911972113950609408,
ID_911974703211978752,
ID_911974830479757312,
ID_911976353104265216,
ID_911996623315783680,
ID_911999552613441536,
ID_912000594784681984,
ID_912015291802103808,
ID_912065806669934592,
ID_912078087868776448,
ID_912078871461335040,
ID_912086026968899584,
ID_912087866137866240,
ID_912088036229259264,
ID_912088578276159488,
ID_912092660059508736,
ID_912094772155822080,
ID_912095234338754560,
ID_912107520340238336,
ID_912124173698211840,
ID_912124233525944320,
ID_912135344862126080,
ID_912156867232653312,
ID_912176893528592384,
ID_912179849707503616,
ID_912183268577071104,
ID_912193322126585856,
ID_912195797772517376,
ID_912196348958588928,
ID_912206788841365504,
ID_912211328990797824,
ID_912245728893915136,
ID_912247557224648704,
ID_912264781536665600,
ID_912267672372629504,
ID_912272394974265344,
ID_912276871949180928,
ID_912277165386768384,
ID_912278933202227200,
ID_912287091026997248,
ID_912287962666332160,
ID_912293738076164096,
ID_912297841896325120,
ID_912299307050573824,
ID_912299591097298944,
ID_912313500831281152,
ID_912314490351431680,
ID_912314925858488320,
ID_912317963285475328,
ID_912320518765858816,
ID_912322799037042688,
ID_912323224083615744,
ID_912326672807899136,
ID_912332102280114176,
ID_912334268273168384,
ID_912334768192262144,
ID_912354634265616384,
ID_912356979238203392,
ID_912361186313801728,
ID_912362540612558848,
ID_912363705521905664,
ID_912364624426672128,
ID_912372419733618688,
ID_912375775835377664,
ID_912376284365369344,
ID_912381942368165888,
ID_912402924575305728,
ID_912403188237651968,
ID_912403360581595136,
ID_912418902910566400,
ID_912424911930630144,
ID_912425509216063488,
ID_912426717888892928,
ID_912432135352537088,
ID_912445527781806080,
ID_912452702189375488,
ID_912456273249079296,
ID_912457559772209152,
ID_912461989087236096,
ID_912463081447608320,
ID_912466561449037824,
ID_912950828239122432,
ID_912963737363021824,
ID_912970229470388224,
ID_912980965659693056,
ID_912992935255396352,
ID_912994342930849792,
ID_912999826438152192,
ID_913000732479107072,
ID_913011290012037120,
ID_913011423290195968,
ID_913026275526180864,
ID_913026646462083072,
ID_913033759397642240,
ID_913050856240672768,
ID_913053124277018624,
ID_913059002862505984,
ID_913063568232243200,
ID_913089233455390720,
ID_913090075776491520,
ID_913098221307727872,
ID_913104301089734656,
ID_913108721500327936,
ID_913117876982370304,
ID_913129065317466112,
ID_913129390547931136,
ID_913131705074114560,
ID_913135557441675264,
ID_913143482356785152,
ID_913149049624244224,
ID_913178966827130880,
ID_913186608794492928,
ID_913187481054523392,
ID_913190717391904768,
ID_913202569949974528,
ID_913214803048415232,
ID_913225453741248512,
ID_913227237398376448,
ID_913232498498383872,
ID_913236331374903296,
ID_913239991001563136,
ID_913242333663113216,
ID_913243861430013952,
ID_913250562740600832,
ID_913267317659668480,
ID_913277745043578880,
ID_913301681466740736,
ID_913302215284191232,
ID_913332504374980608,
ID_913335305041723392,
ID_913341422836883456,
ID_913356409919594496,
ID_913359867880067072,
ID_913364108992491520,
ID_913366359194656768,
ID_913386830183231488,
ID_913398745563373568,
ID_913413595131633664,
ID_913422590282207232,
ID_913424297212948480,
ID_913458667625881600,
ID_913476297463971840,
ID_913479217047834624,
ID_913494883582615552,
ID_913521562782797824,
ID_913530733347532800,
ID_913583959631687680,
ID_913592859932217344,
ID_913607848789082112,
ID_913689770353717248,
ID_913693807727783936,
ID_913710782235516928,
ID_913790494009970688,
ID_913803179778768896,
ID_913810464685137920,
ID_913817901613776896,
ID_913822449388711936,
ID_913832438824136704,
ID_913833895770120192,
ID_913844147752194048,
ID_913846824452149248,
ID_913852993065439232,
ID_913854535298420736,
ID_913878828841398272,
ID_913880080216182784,
ID_913886194538307584,
ID_913894924931801088,
ID_913904413852487680,
ID_913928659811135488,
ID_913966482647785472,
ID_913970828215189504,
ID_913983536113139712,
ID_913985824328384512,
ID_914124422088232960,
ID_914142705227141120,
ID_914154121061691392,
ID_914154617084067840,
ID_914178568611090432,
ID_914190210728173568,
ID_914191174285631488,
ID_914199144960610304,
ID_914204473811177472,
ID_914205749013893120,
ID_914207592683118592,
ID_914221752225591296,
ID_914226747268141056,
ID_914240444040601600,
ID_914245013235679232,
ID_914251142724325376,
ID_914329624015982592,
ID_914349312611627008,
ID_914462276073205760,
ID_914482198409043968,
ID_914494171125370880,
ID_914521240030908416,
ID_914526459087265792,
ID_914532677591666688,
ID_914537762342281216,
ID_914538959048384512,
ID_914553912623079424,
ID_914577936640040960,
ID_914580314416123904,
ID_914604759222505472,
ID_914613591675932672,
ID_914636426779664384,
ID_914666000825634816,
ID_914736485391269888,
ID_914761195172667392,
ID_914839324566233088,
ID_914839889178488832,
ID_914846223735054336,
ID_914847365739302912,
ID_914853449023533056,
ID_914884223567360000,
ID_914896320233709568,
ID_914900524956360704,
ID_914902758939033600,
ID_914921321070460928,
ID_914960696646959104,
ID_914963388840767488,
ID_914986320115593216,
ID_914988875390619648,
ID_914995385743167488,
ID_915002992214110208,
ID_915017703055749120,
ID_915026957758328832,
ID_915253441726889984,
ID_915971980859400192,
ID_916099144116191232,
